_id,username,ip,__v
6228aa2abebb2322736be293,Klevin05,::1,0
6228b039536b62855cbc3a70,Klevin05,::1,0
6228b6deeaf1519bce1cf5ae,Klevin05,::1,0
6228b71b559ffbc1f71b2e5a,Klevin05,::1,0
6228b8ee5fb56d496cef9fda,prateek,::1,0
6228b92f96ec59a3f936af2f,prateek,::1,0
6228b96290b4bf3891febe90,prateek,::1,0
6228b98ecd89889078966052,prateek,::1,0
6228b9d2cd89889078966057,gobind,::1,0
6228ba0ffaf200ea97fdfdfd,gobind,::1,0
6228ba427b97c412cecf82f4,gobind,::1,0
6228bb0e7b97c412cecf82f9,siddharth,::1,0
6228bb2409a59991c5f321a1,siddharth,::1,0
6228bc8409a59991c5f321a6,srishti,::1,0
6228bcd949d52cd53cb53aab,srishti,::ffff:127.0.0.1,0
6228be6dc3e7a94b0876a527,srishti,::1,0
6228c4a0cfbc7ac6b54338aa,lkjh,::1,0
